date,adj_close,close,high,low,open,volume,ticker
2024-01-02,183.9032440185547,185.63999938964844,188.44000244140625,183.88999938964844,187.14999389648438,82488700,AAPL
2024-01-03,182.52621459960938,184.25,185.8800048828125,183.42999267578125,184.22000122070312,58414500,AAPL
2024-01-04,180.2081298828125,181.91000366210938,183.08999633789062,180.8800048828125,182.14999389648438,71983600,AAPL
2024-01-05,179.4849395751953,181.17999267578125,182.75999450683594,180.1699981689453,181.99000549316406,62379700,AAPL
2024-01-08,183.823974609375,185.55999755859375,185.60000610351562,181.5,182.08999633789062,59144500,AAPL
2024-01-09,183.4078826904297,185.13999938964844,185.14999389648438,182.72999572753906,183.9199981689453,42841800,AAPL
2024-01-10,184.4480743408203,186.19000244140625,186.39999389648438,183.9199981689453,184.35000610351562,46792900,AAPL
2024-01-11,183.85369873046875,185.58999633789062,187.0500030517578,183.6199951171875,186.5399932861328,49128400,AAPL
2024-01-12,184.18060302734375,185.9199981689453,186.74000549316406,185.19000244140625,186.05999755859375,40477800,AAPL
2024-01-16,181.91204833984375,183.6300048828125,184.25999450683594,180.92999267578125,182.16000366210938,65603000,AAPL
2024-01-17,180.97091674804688,182.67999267578125,182.92999267578125,180.3000030517578,181.27000427246094,47317400,AAPL
2024-01-18,186.86526489257812,188.6300048828125,189.13999938964844,185.8300018310547,186.08999633789062,78005800,AAPL
2024-01-19,189.76783752441406,191.55999755859375,191.9499969482422,188.82000732421875,189.3300018310547,68903000,AAPL
2024-01-22,192.0760498046875,193.88999938964844,195.3300018310547,192.25999450683594,192.3000030517578,60133900,AAPL
2024-01-23,193.35398864746094,195.17999267578125,195.75,193.8300018310547,195.02000427246094,42355600,AAPL
2024-01-24,192.68032836914062,194.5,196.3800048828125,194.33999633789062,195.4199981689453,53631300,AAPL
2024-01-25,192.3534393310547,194.1699981689453,196.27000427246094,193.11000061035156,195.22000122070312,54822100,AAPL
2024-01-26,190.61978149414062,192.4199981689453,194.75999450683594,191.94000244140625,194.27000427246094,44594000,AAPL
2024-01-29,189.93624877929688,191.72999572753906,192.1999969482422,189.5800018310547,192.00999450683594,47145600,AAPL
2024-01-30,186.28076171875,188.0399932861328,191.8000030517578,187.47000122070312,190.94000244140625,55859400,AAPL
2024-01-31,182.67481994628906,184.39999389648438,187.10000610351562,184.35000610351562,187.0399932861328,55467800,AAPL
2024-02-01,185.11180114746094,186.86000061035156,186.9499969482422,183.82000732421875,183.99000549316406,64885400,AAPL
2024-02-02,184.1112518310547,185.85000610351562,187.3300018310547,179.25,179.86000061035156,102551700,AAPL
2024-02-05,185.9241180419922,187.67999267578125,189.25,185.83999633789062,188.14999389648438,69668800,AAPL
2024-02-06,187.5290069580078,189.3000030517578,189.30999755859375,186.77000427246094,186.86000061035156,43490800,AAPL
2024-02-07,187.63796997070312,189.41000366210938,191.0500030517578,188.61000061035156,190.63999938964844,53439000,AAPL
2024-02-08,186.5581512451172,188.32000732421875,189.5399932861328,187.35000610351562,189.38999938964844,40962000,AAPL
2024-02-09,187.32192993164062,188.85000610351562,189.99000549316406,188.0,188.64999389648438,45155200,AAPL
2024-02-12,185.6356658935547,187.14999389648438,188.6699981689453,186.7899932861328,188.4199981689453,41781900,AAPL
2024-02-13,183.54275512695312,185.0399932861328,186.2100067138672,183.50999450683594,185.77000427246094,56529500,AAPL
2024-02-14,182.65997314453125,184.14999389648438,185.52999877929688,182.44000244140625,185.32000732421875,54630500,AAPL
2024-02-15,182.37229919433594,183.86000061035156,184.49000549316406,181.35000610351562,183.5500030517578,65434500,AAPL
2024-02-16,180.83482360839844,182.30999755859375,184.85000610351562,181.6699981689453,183.4199981689453,49752500,AAPL
2024-02-20,180.0908966064453,181.55999755859375,182.42999267578125,180.0,181.7899932861328,53665600,AAPL
2024-02-21,180.8447723388672,182.32000732421875,182.88999938964844,180.66000366210938,181.94000244140625,41371400,AAPL
2024-02-22,182.87815856933594,184.3699951171875,184.9600067138672,182.4600067138672,183.47999572753906,52292200,AAPL
2024-02-23,181.0431365966797,182.52000427246094,185.0399932861328,182.22999572753906,185.00999450683594,45119700,AAPL
2024-02-26,179.6941680908203,181.16000366210938,182.75999450683594,180.64999389648438,182.24000549316406,40867400,AAPL
2024-02-27,181.15225219726562,182.6300048828125,183.9199981689453,179.55999755859375,181.10000610351562,54318900,AAPL
2024-02-28,179.9520263671875,181.4199981689453,183.1199951171875,180.1300048828125,182.50999450683594,48953900,AAPL
2024-02-29,179.2874755859375,180.75,182.57000732421875,179.52999877929688,181.27000427246094,136682600,AAPL
2024-03-01,178.206298828125,179.66000366210938,180.52999877929688,177.3800048828125,179.5500030517578,73563100,AAPL
2024-03-04,173.68319702148438,175.10000610351562,176.89999389648438,173.7899932861328,176.14999389648438,81510100,AAPL
2024-03-05,168.7434844970703,170.1199951171875,172.0399932861328,169.6199951171875,170.75999450683594,95132400,AAPL
2024-03-06,167.75155639648438,169.1199951171875,171.24000549316406,168.67999267578125,171.05999755859375,68587700,AAPL
2024-03-07,167.632568359375,169.0,170.72999572753906,168.49000549316406,169.14999389648438,71765100,AAPL
2024-03-08,169.3485565185547,170.72999572753906,173.6999969482422,168.94000244140625,169.0,76267000,AAPL
2024-03-11,171.3522186279297,172.75,174.3800048828125,172.0500030517578,172.94000244140625,60139500,AAPL
2024-03-12,171.82830810546875,173.22999572753906,174.02999877929688,171.00999450683594,173.14999389648438,59825400,AAPL
2024-03-13,169.7453155517578,171.1300048828125,173.19000244140625,170.75999450683594,172.77000427246094,52488700,AAPL
2024-03-14,171.6001739501953,173.0,174.30999755859375,172.0500030517578,172.91000366210938,72913500,AAPL
2024-03-15,171.2232208251953,172.6199951171875,172.6199951171875,170.2899932861328,171.1699981689453,121752700,AAPL
2024-03-18,172.31434631347656,173.72000122070312,177.7100067138672,173.52000427246094,175.57000732421875,75604200,AAPL
2024-03-19,174.65525817871094,176.0800018310547,176.61000061035156,173.02999877929688,174.33999633789062,55215200,AAPL
2024-03-20,177.22425842285156,178.6699981689453,178.6699981689453,175.08999633789062,175.72000122070312,53423100,AAPL
2024-03-21,169.9833526611328,171.3699951171875,177.49000549316406,170.83999633789062,177.0500030517578,106181300,AAPL
2024-03-22,170.885986328125,172.27999877929688,173.0500030517578,170.05999755859375,171.75999450683594,71160100,AAPL
2024-03-25,169.4675750732422,170.85000610351562,171.94000244140625,169.4499969482422,170.57000732421875,54288300,AAPL
2024-03-26,168.33680725097656,169.7100067138672,171.4199981689453,169.5800018310547,170.0,57388400,AAPL
2024-03-27,171.9076690673828,173.30999755859375,173.60000610351562,170.11000061035156,170.41000366210938,60273300,AAPL
2024-03-28,170.09243774414062,171.47999572753906,172.22999572753906,170.50999450683594,171.75,65672700,AAPL
2024-04-01,168.65420532226562,170.02999877929688,171.25,169.47999572753906,171.19000244140625,46240500,AAPL
2024-04-02,167.47381591796875,168.83999633789062,169.33999633789062,168.22999572753906,169.0800018310547,49329500,AAPL
2024-04-03,168.2772674560547,169.64999389648438,170.67999267578125,168.5800018310547,168.7899932861328,47691700,AAPL
2024-04-04,167.45399475097656,168.82000732421875,171.9199981689453,168.82000732421875,170.2899932861328,53704400,AAPL
2024-04-05,168.20785522460938,169.5800018310547,170.38999938964844,168.9499969482422,169.58999633789062,42104800,AAPL
2024-04-08,167.0869903564453,168.4499969482422,169.1999969482422,168.24000549316406,169.02999877929688,37425500,AAPL
2024-04-09,168.29710388183594,169.6699981689453,170.0800018310547,168.35000610351562,168.6999969482422,42373800,AAPL
2024-04-10,166.42242431640625,167.77999877929688,169.08999633789062,167.11000061035156,168.8000030517578,49709300,AAPL
2024-04-11,173.6236572265625,175.0399932861328,175.4600067138672,168.16000366210938,168.33999633789062,91070300,AAPL
2024-04-12,175.1214599609375,176.5500030517578,178.36000061035156,174.2100067138672,174.25999450683594,101670900,AAPL
2024-04-15,171.2926788330078,172.69000244140625,176.6300048828125,172.5,175.36000061035156,73531800,AAPL
2024-04-16,168.0094451904297,169.3800048828125,173.75999450683594,168.27000427246094,171.75,73711200,AAPL
2024-04-17,166.640625,168.0,170.64999389648438,168.0,169.61000061035156,50901200,AAPL
2024-04-18,165.68838500976562,167.0399932861328,168.63999938964844,166.5500030517578,168.02999877929688,43122900,AAPL
2024-04-19,163.66490173339844,165.0,166.39999389648438,164.0800018310547,166.2100067138672,68149400,AAPL
2024-04-22,164.49810791015625,165.83999633789062,167.25999450683594,164.77000427246094,165.52000427246094,48116400,AAPL
2024-04-23,165.54953002929688,166.89999389648438,167.0500030517578,164.9199981689453,165.35000610351562,49537800,AAPL
2024-04-24,167.65237426757812,169.02000427246094,169.3000030517578,166.2100067138672,166.5399932861328,48251800,AAPL
2024-04-25,168.5153350830078,169.88999938964844,170.61000061035156,168.14999389648438,169.52999877929688,50558300,AAPL
2024-04-26,167.9300994873047,169.3000030517578,171.33999633789062,169.17999267578125,169.8800048828125,44838400,AAPL
2024-04-29,172.0961151123047,173.5,176.02999877929688,173.10000610351562,173.3699951171875,68169400,AAPL
2024-04-30,168.95176696777344,170.3300018310547,174.99000549316406,170.0,173.3300018310547,65934800,AAPL
2024-05-01,167.9300994873047,169.3000030517578,172.7100067138672,169.11000061035156,169.5800018310547,50383100,AAPL
2024-05-02,171.62994384765625,173.02999877929688,173.4199981689453,170.88999938964844,172.50999450683594,94214900,AAPL
2024-05-03,181.8961944580078,183.3800048828125,187.0,182.66000366210938,186.64999389648438,163224100,AAPL
2024-05-06,180.2397003173828,181.7100067138672,184.1999969482422,180.4199981689453,182.35000610351562,78569700,AAPL
2024-05-07,180.92410278320312,182.39999389648438,184.89999389648438,181.32000732421875,183.4499969482422,77305800,AAPL
2024-05-08,181.26136779785156,182.74000549316406,183.07000732421875,181.4499969482422,182.85000610351562,45057100,AAPL
2024-05-09,183.07655334472656,184.57000732421875,184.66000366210938,182.11000061035156,182.55999755859375,48983000,AAPL
2024-05-10,181.8151397705078,183.0500030517578,185.08999633789062,182.1300048828125,184.89999389648438,50759500,AAPL
2024-05-13,185.02334594726562,186.27999877929688,187.10000610351562,184.6199951171875,185.44000244140625,72044800,AAPL
2024-05-14,186.16554260253906,187.42999267578125,188.3000030517578,186.2899932861328,187.50999450683594,52393600,AAPL
2024-05-15,188.44012451171875,189.72000122070312,190.64999389648438,187.3699951171875,187.91000366210938,70400000,AAPL
2024-05-16,188.55929565429688,189.83999633789062,191.10000610351562,189.66000366210938,190.47000122070312,52845200,AAPL
2024-05-17,188.58909606933594,189.8699951171875,190.80999755859375,189.17999267578125,189.50999450683594,41282900,AAPL
2024-05-20,189.75120544433594,191.0399932861328,191.9199981689453,189.00999450683594,189.3300018310547,44361300,AAPL
2024-05-21,191.05238342285156,192.35000610351562,192.72999572753906,190.9199981689453,191.08999633789062,42309400,AAPL
2024-05-22,189.61216735839844,190.89999389648438,192.82000732421875,190.27000427246094,192.27000427246094,34648500,AAPL
2024-05-23,185.61929321289062,186.8800048828125,191.0,186.6300048828125,190.97999572753906,51005900,AAPL
2024-05-24,188.6983642578125,189.97999572753906,190.5800018310547,188.0399932861328,188.82000732421875,36327000,AAPL
2024-05-28,188.7082977294922,189.99000549316406,193.0,189.10000610351562,191.50999450683594,52280100,AAPL
2024-05-29,189.0063018798828,190.2899932861328,192.25,189.50999450683594,189.61000061035156,53068000,AAPL
2024-05-30,189.99952697753906,191.2899932861328,192.17999267578125,190.6300048828125,190.75999450683594,49889100,AAPL
2024-05-31,190.9530792236328,192.25,192.57000732421875,189.91000366210938,191.44000244140625,75158300,AAPL
2024-06-03,192.72103881835938,194.02999877929688,194.99000549316406,192.52000427246094,192.89999389648438,50080500,AAPL
2024-06-04,193.0388946533203,194.35000610351562,195.32000732421875,193.02999877929688,194.63999938964844,47471400,AAPL
2024-06-05,194.5486297607422,195.8699951171875,196.89999389648438,194.8699951171875,195.39999389648438,54156800,AAPL
2024-06-06,193.1680145263672,194.47999572753906,196.5,194.1699981689453,195.69000244140625,41181800,AAPL
2024-06-07,195.56175231933594,196.88999938964844,196.94000244140625,194.13999938964844,194.64999389648438,53103900,AAPL
2024-06-10,191.8171844482422,193.1199951171875,197.3000030517578,192.14999389648438,196.89999389648438,97010200,AAPL
2024-06-11,205.75253295898438,207.14999389648438,207.16000366210938,193.6300048828125,193.64999389648438,172373300,AAPL
2024-06-12,211.6326141357422,213.07000732421875,220.1999969482422,206.89999389648438,207.3699951171875,198134300,AAPL
2024-06-13,212.7947235107422,214.24000549316406,216.75,211.60000610351562,214.74000549316406,97862700,AAPL
2024-06-14,211.0565185546875,212.49000549316406,215.1699981689453,211.3000030517578,213.85000610351562,70122700,AAPL
2024-06-17,215.20831298828125,216.6699981689453,218.9499969482422,212.72000122070312,213.3699951171875,93728300,AAPL
2024-06-18,212.8443603515625,214.2899932861328,218.6300048828125,213.0,217.58999633789062,79943300,AAPL
2024-06-20,208.26547241210938,209.67999267578125,214.24000549316406,208.85000610351562,213.92999267578125,86172500,AAPL
2024-06-21,206.0902557373047,207.49000549316406,211.88999938964844,207.11000061035156,210.38999938964844,241805100,AAPL
2024-06-24,206.7358856201172,208.13999938964844,212.6999969482422,206.58999633789062,207.72000122070312,80727000,AAPL
2024-06-25,207.65960693359375,209.07000732421875,211.3800048828125,208.61000061035156,209.14999389648438,55549700,AAPL
2024-06-26,211.8114013671875,213.25,214.86000061035156,210.63999938964844,211.5,66213200,AAPL
2024-06-27,212.65567016601562,214.10000610351562,215.74000549316406,212.35000610351562,214.69000244140625,49772700,AAPL
2024-06-28,209.19912719726562,210.6199951171875,216.07000732421875,210.3000030517578,215.77000427246094,82542700,AAPL
2024-07-01,215.28778076171875,216.75,217.50999450683594,211.9199981689453,212.08999633789062,60402900,AAPL
2024-07-02,218.7840576171875,220.27000427246094,220.3800048828125,215.10000610351562,216.14999389648438,58046200,AAPL
2024-07-03,220.05540466308594,221.5500030517578,221.5500030517578,219.02999877929688,220.0,37369800,AAPL
2024-07-05,224.81307983398438,226.33999633789062,226.4499969482422,221.64999389648438,221.64999389648438,60412400,AAPL
2024-07-08,226.28309631347656,227.82000732421875,227.85000610351562,223.25,227.08999633789062,59085900,AAPL
2024-07-09,227.1372833251953,228.67999267578125,229.39999389648438,226.3699951171875,227.92999267578125,48076100,AAPL
2024-07-10,231.40829467773438,232.97999572753906,233.0800018310547,229.25,229.3000030517578,62627700,AAPL
2024-07-11,226.0347900390625,227.57000732421875,232.38999938964844,225.77000427246094,231.38999938964844,64710600,AAPL
2024-07-12,228.98475646972656,230.5399932861328,232.63999938964844,228.67999267578125,228.9199981689453,53046500,AAPL
2024-07-15,232.81871032714844,234.39999389648438,237.22999572753906,233.08999633789062,236.47999572753906,62631300,AAPL
2024-07-16,233.23585510253906,234.82000732421875,236.27000427246094,232.3300018310547,235.0,43234300,AAPL
2024-07-17,227.33595275878906,228.8800048828125,231.4600067138672,226.63999938964844,229.4499969482422,57345900,AAPL
2024-07-18,222.66763305664062,224.17999267578125,230.44000244140625,222.27000427246094,230.27999877929688,66034600,AAPL
2024-07-19,222.79678344726562,224.30999755859375,226.8000030517578,223.27999877929688,224.82000732421875,49151500,AAPL
2024-07-22,222.44915771484375,223.9600067138672,227.77999877929688,223.08999633789062,227.00999450683594,48201800,AAPL
2024-07-23,223.49208068847656,225.00999450683594,226.94000244140625,222.67999267578125,224.3699951171875,39960300,AAPL
2024-07-24,217.06570434570312,218.5399932861328,224.8000030517578,217.1300048828125,224.0,61777600,AAPL
2024-07-25,216.0227813720703,217.49000549316406,220.85000610351562,214.6199951171875,218.92999267578125,51391200,AAPL
2024-07-26,216.48963928222656,217.9600067138672,219.49000549316406,216.00999450683594,218.6999969482422,41601300,AAPL
2024-07-29,216.76776123046875,218.24000549316406,219.3000030517578,215.75,216.9600067138672,36311800,AAPL
2024-07-30,217.32394409179688,218.8000030517578,220.3300018310547,216.1199951171875,219.19000244140625,41643800,AAPL
2024-07-31,220.58181762695312,222.0800018310547,223.82000732421875,220.6300048828125,221.44000244140625,50036300,AAPL
2024-08-01,216.8869171142578,218.36000061035156,224.47999572753906,217.02000427246094,224.3699951171875,62501000,AAPL
2024-08-02,218.37680053710938,219.86000061035156,225.60000610351562,217.7100067138672,219.14999389648438,105568600,AAPL
2024-08-05,207.85821533203125,209.27000427246094,213.5,196.0,199.08999633789062,119548600,AAPL
2024-08-06,205.83200073242188,207.22999572753906,209.99000549316406,201.07000732421875,205.3000030517578,69660500,AAPL
2024-08-07,208.404541015625,209.82000732421875,213.63999938964844,206.38999938964844,206.89999389648438,63516400,AAPL
2024-08-08,211.8709716796875,213.30999755859375,214.1999969482422,208.8300018310547,213.11000061035156,47161100,AAPL
2024-08-09,214.78123474121094,216.24000549316406,216.77999877929688,211.97000122070312,212.10000610351562,42201600,AAPL
2024-08-12,216.31260681152344,217.52999877929688,219.50999450683594,215.60000610351562,216.07000732421875,38028100,AAPL
2024-08-13,220.0316925048828,221.27000427246094,221.88999938964844,219.00999450683594,219.00999450683594,44155300,AAPL
2024-08-14,220.47914123535156,221.72000122070312,223.02999877929688,219.6999969482422,220.57000732421875,41960600,AAPL
2024-08-15,223.4623565673828,224.72000122070312,225.35000610351562,222.75999450683594,224.60000610351562,46414000,AAPL
2024-08-16,224.78494262695312,226.0500030517578,226.8300018310547,223.64999389648438,223.9199981689453,44340200,AAPL
2024-08-19,224.6258087158203,225.88999938964844,225.99000549316406,223.0399932861328,225.72000122070312,40687800,AAPL
2024-08-20,225.24234008789062,226.50999450683594,227.1699981689453,225.4499969482422,225.77000427246094,30299000,AAPL
2024-08-21,225.13296508789062,226.39999389648438,227.97999572753906,225.0500030517578,226.52000427246094,34765500,AAPL
2024-08-22,223.2734375,224.52999877929688,228.33999633789062,223.89999389648438,227.7899932861328,43695300,AAPL
2024-08-23,225.5705108642578,226.83999633789062,228.22000122070312,224.3300018310547,225.66000366210938,38677300,AAPL
2024-08-26,225.90859985351562,227.17999267578125,227.27999877929688,223.88999938964844,226.75999450683594,30602200,AAPL
2024-08-27,226.75384521484375,228.02999877929688,228.85000610351562,224.88999938964844,226.0,35934600,AAPL
2024-08-28,225.22247314453125,226.49000549316406,229.86000061035156,225.67999267578125,227.9199981689453,38052200,AAPL
2024-08-29,228.50399780273438,229.7899932861328,232.9199981689453,228.8800048828125,230.10000610351562,51906300,AAPL
2024-08-30,227.71841430664062,229.0,230.39999389648438,227.47999572753906,230.19000244140625,52990800,AAPL
2024-09-03,221.52330017089844,222.77000427246094,229.0,221.1699981689453,228.5500030517578,50190600,AAPL
2024-09-04,219.61402893066406,220.85000610351562,221.77999877929688,217.47999572753906,221.66000366210938,43840200,AAPL
2024-09-05,221.13546752929688,222.3800048828125,225.47999572753906,221.52000427246094,221.6300048828125,36615400,AAPL
2024-09-06,219.58419799804688,220.82000732421875,225.24000549316406,219.77000427246094,223.9499969482422,48423000,AAPL
2024-09-09,219.6737060546875,220.91000366210938,221.27000427246094,216.7100067138672,220.82000732421875,67180000,AAPL
2024-09-10,218.87814331054688,220.11000061035156,221.47999572753906,216.72999572753906,218.9199981689453,51591000,AAPL
2024-09-11,221.41390991210938,222.66000366210938,223.08999633789062,217.88999938964844,221.4600067138672,44587100,AAPL
2024-09-12,221.52330017089844,222.77000427246094,223.5500030517578,219.82000732421875,222.5,37455600,AAPL
2024-09-13,221.2548065185547,222.5,224.0399932861328,221.91000366210938,223.5800018310547,36766600,AAPL
2024-09-16,215.10939025878906,216.32000732421875,217.22000122070312,213.9199981689453,216.5399932861328,59357400,AAPL
2024-09-17,215.57675170898438,216.7899932861328,216.89999389648438,214.5,215.75,45519300,AAPL
2024-09-18,219.45492553710938,220.69000244140625,222.7100067138672,217.5399932861328,217.5500030517578,59894900,AAPL
2024-09-19,227.5891571044922,228.8699951171875,229.82000732421875,224.6300048828125,224.99000549316406,66781300,AAPL
2024-09-20,226.92288208007812,228.1999969482422,233.08999633789062,227.6199951171875,229.97000122070312,318679900,AAPL
2024-09-23,225.20257568359375,226.47000122070312,229.4499969482422,225.80999755859375,227.33999633789062,54146000,AAPL
2024-09-24,226.0975341796875,227.3699951171875,229.35000610351562,225.72999572753906,228.64999389648438,43556100,AAPL
2024-09-25,225.10311889648438,226.3699951171875,227.2899932861328,224.02000427246094,224.92999267578125,42308700,AAPL
2024-09-26,226.24668884277344,227.52000427246094,228.5,225.41000366210938,227.3000030517578,36636700,AAPL
2024-09-27,226.51516723632812,227.7899932861328,229.52000427246094,227.3000030517578,228.4600067138672,34026000,AAPL
2024-09-30,231.69601440429688,233.0,233.0,229.64999389648438,230.0399932861328,54541900,AAPL
2024-10-01,224.9440460205078,226.2100067138672,229.64999389648438,223.74000549316406,229.52000427246094,63285000,AAPL
2024-10-02,225.51083374023438,226.77999877929688,227.3699951171875,223.02000427246094,225.88999938964844,32880600,AAPL
2024-10-03,224.40704345703125,225.6699981689453,226.80999755859375,223.32000732421875,225.13999938964844,34044200,AAPL
2024-10-04,225.53073120117188,226.8000030517578,228.0,224.1300048828125,227.89999389648438,37245100,AAPL
2024-10-07,220.4493408203125,221.69000244140625,225.69000244140625,221.3300018310547,224.5,39505400,AAPL
2024-10-08,224.50650024414062,225.77000427246094,225.97999572753906,223.25,224.3000030517578,31855700,AAPL
2024-10-09,228.25538635253906,229.5399932861328,229.75,224.8300018310547,225.22999572753906,33591100,AAPL
2024-10-10,227.7581787109375,229.0399932861328,229.5,227.1699981689453,227.77999877929688,28183500,AAPL
2024-10-11,226.2765350341797,227.5500030517578,229.41000366210938,227.33999633789062,229.3000030517578,31759200,AAPL
2024-10-14,230.00555419921875,231.3000030517578,231.72999572753906,228.60000610351562,228.6999969482422,39882100,AAPL
2024-10-15,232.54127502441406,233.85000610351562,237.49000549316406,232.3699951171875,233.61000061035156,64751400,AAPL
2024-10-16,230.48284912109375,231.77999877929688,232.1199951171875,229.83999633789062,231.60000610351562,34082200,AAPL
2024-10-17,230.8507843017578,232.14999389648438,233.85000610351562,230.52000427246094,233.42999267578125,32993800,AAPL
2024-10-18,233.68484497070312,235.0,236.17999267578125,234.00999450683594,236.17999267578125,46431500,AAPL
2024-10-21,235.1565399169922,236.47999572753906,236.85000610351562,234.4499969482422,234.4499969482422,36254500,AAPL
2024-10-22,234.5400390625,235.86000061035156,236.22000122070312,232.60000610351562,233.88999938964844,38846600,AAPL
2024-10-23,229.46856689453125,230.75999450683594,235.13999938964844,227.75999450683594,234.0800018310547,52287000,AAPL
2024-10-24,229.27963256835938,230.57000732421875,230.82000732421875,228.41000366210938,229.97999572753906,31109500,AAPL
2024-10-25,230.1149444580078,231.41000366210938,233.22000122070312,229.57000732421875,229.74000549316406,38802300,AAPL
2024-10-28,232.09378051757812,233.39999389648438,234.72999572753906,232.5500030517578,233.32000732421875,36087100,AAPL
2024-10-29,232.36228942871094,233.6699981689453,234.3300018310547,232.32000732421875,233.10000610351562,35417200,AAPL
2024-10-30,228.81227111816406,230.10000610351562,233.47000122070312,229.5500030517578,232.61000061035156,47070900,AAPL
2024-10-31,224.64572143554688,225.91000366210938,229.8300018310547,225.3699951171875,229.33999633789062,64370100,AAPL
2024-11-01,221.66250610351562,222.91000366210938,225.35000610351562,220.27000427246094,220.97000122070312,65276700,AAPL
2024-11-04,220.7675323486328,222.00999450683594,222.7899932861328,219.7100067138672,220.99000549316406,44944500,AAPL
2024-11-05,222.199462890625,223.4499969482422,223.9499969482422,221.13999938964844,221.8000030517578,28111300,AAPL
2024-11-06,221.4735565185547,222.72000122070312,226.07000732421875,221.19000244140625,222.61000061035156,54561100,AAPL
2024-11-07,226.2069091796875,227.47999572753906,227.8800048828125,224.57000732421875,224.6300048828125,42137700,AAPL
2024-11-08,225.93814086914062,226.9600067138672,228.66000366210938,226.41000366210938,227.1699981689453,38328800,AAPL
2024-11-11,223.22042846679688,224.22999572753906,225.6999969482422,221.5,225.0,42005600,AAPL
2024-11-12,223.22042846679688,224.22999572753906,225.58999633789062,223.36000061035156,224.5500030517578,40398300,AAPL
2024-11-13,224.10643005371094,225.1199951171875,226.64999389648438,222.75999450683594,224.00999450683594,48566200,AAPL
2024-11-14,227.19247436523438,228.22000122070312,228.8699951171875,225.0,225.02000427246094,44923900,AAPL
2024-11-15,223.98695373535156,225.0,226.9199981689453,224.27000427246094,226.39999389648438,47923700,AAPL
2024-11-18,226.99337768554688,228.02000427246094,229.74000549316406,225.1699981689453,225.25,44633700,AAPL
2024-11-19,227.252197265625,228.27999877929688,230.16000366210938,226.66000366210938,226.97999572753906,36211800,AAPL
2024-11-20,227.9689483642578,229.0,229.92999267578125,225.88999938964844,228.05999755859375,35169600,AAPL
2024-11-21,227.49111938476562,228.52000427246094,230.16000366210938,225.7100067138672,228.8800048828125,42108300,AAPL
2024-11-22,228.83502197265625,229.8699951171875,230.72000122070312,228.05999755859375,228.05999755859375,38168300,AAPL
2024-11-25,231.82151794433594,232.8699951171875,233.25,229.74000549316406,231.4600067138672,90152800,AAPL
2024-11-26,234.0016632080078,235.05999755859375,235.57000732421875,233.3300018310547,233.3300018310547,45986200,AAPL
2024-11-27,233.87225341796875,234.92999267578125,235.69000244140625,233.80999755859375,234.47000122070312,33498400,AAPL
2024-11-29,236.26145935058594,237.3300018310547,237.80999755859375,233.97000122070312,234.80999755859375,28481400,AAPL
2024-12-02,238.51126098632812,239.58999633789062,240.7899932861328,237.16000366210938,237.27000427246094,48137100,AAPL
2024-12-03,241.5574951171875,242.64999389648438,242.75999450683594,238.89999389648438,239.80999755859375,38861000,AAPL
2024-12-04,241.91586303710938,243.00999450683594,244.11000061035156,241.25,242.8699951171875,44383900,AAPL
2024-12-05,241.9457244873047,243.0399932861328,244.5399932861328,242.1300048828125,243.99000549316406,40033900,AAPL
2024-12-06,241.74664306640625,242.83999633789062,244.6300048828125,242.0800018310547,242.91000366210938,36870600,AAPL
2024-12-09,245.6390380859375,246.75,247.24000549316406,241.75,241.8300018310547,44649200,AAPL
2024-12-10,246.65444946289062,247.77000427246094,248.2100067138672,245.33999633789062,246.88999938964844,36914800,AAPL
2024-12-11,245.3802032470703,246.49000549316406,250.8000030517578,246.25999450683594,247.9600067138672,45205800,AAPL
2024-12-12,246.84359741210938,247.9600067138672,248.74000549316406,245.67999267578125,246.88999938964844,32777500,AAPL
2024-12-13,247.0128173828125,248.1300048828125,249.2899932861328,246.24000549316406,247.82000732421875,33155300,AAPL
2024-12-16,249.90969848632812,251.0399932861328,251.3800048828125,247.64999389648438,247.99000549316406,51694800,AAPL
2024-12-17,252.33872985839844,253.47999572753906,253.8300018310547,249.77999877929688,250.0800018310547,51356400,AAPL
2024-12-18,246.9331817626953,248.0500030517578,254.27999877929688,247.74000549316406,252.16000366210938,56774100,AAPL
2024-12-19,248.66534423828125,249.7899932861328,252.0,247.08999633789062,247.5,60882300,AAPL
2024-12-20,253.34420776367188,254.49000549316406,255.0,245.69000244140625,248.0399932861328,147495300,AAPL
2024-12-23,254.1206817626953,255.27000427246094,255.64999389648438,253.4499969482422,254.77000427246094,40858800,AAPL
2024-12-24,257.0374755859375,258.20001220703125,258.2099914550781,255.2899932861328,255.49000549316406,23234700,AAPL
2024-12-26,257.853759765625,259.0199890136719,260.1000061035156,257.6300048828125,258.19000244140625,27237100,AAPL
2024-12-27,254.43923950195312,255.58999633789062,258.70001220703125,253.05999755859375,257.8299865722656,42355300,AAPL
2024-12-30,251.06451416015625,252.1999969482422,253.5,250.75,252.22999572753906,35557500,AAPL
2024-12-31,249.29251098632812,250.4199981689453,253.27999877929688,249.42999267578125,252.44000244140625,39480700,AAPL
2025-01-02,242.75210571289062,243.85000610351562,249.10000610351562,241.82000732421875,248.92999267578125,55740700,AAPL
2025-01-03,242.26429748535156,243.36000061035156,244.17999267578125,241.88999938964844,243.36000061035156,40244100,AAPL
2025-01-06,243.8969268798828,245.0,247.3300018310547,243.1999969482422,244.30999755859375,45045600,AAPL
2025-01-07,241.11949157714844,242.2100067138672,245.5500030517578,241.35000610351562,242.97999572753906,40856000,AAPL
2025-01-08,241.60726928710938,242.6999969482422,243.7100067138672,240.0500030517578,241.9199981689453,37628900,AAPL
2025-01-10,235.7836151123047,236.85000610351562,240.16000366210938,233.0,240.00999450683594,61710900,AAPL
2025-01-13,233.34461975097656,234.39999389648438,234.6699981689453,229.72000122070312,233.52999877929688,49630700,AAPL
2025-01-14,232.2296600341797,233.27999877929688,236.1199951171875,232.47000122070312,234.75,39435300,AAPL
2025-01-15,236.79901123046875,237.8699951171875,238.9600067138672,234.42999267578125,234.63999938964844,39832000,AAPL
2025-01-16,227.23228454589844,228.25999450683594,238.00999450683594,228.02999877929688,237.35000610351562,71759100,AAPL
2025-01-17,228.9445343017578,229.97999572753906,232.2899932861328,228.47999572753906,232.1199951171875,68488300,AAPL
2025-01-21,221.63758850097656,222.63999938964844,224.4199981689453,219.3800048828125,224.0,98070400,AAPL
2025-01-22,222.8222198486328,223.8300018310547,224.1199951171875,219.7899932861328,219.7899932861328,64126500,AAPL
2025-01-23,222.6529998779297,223.66000366210938,227.02999877929688,222.3000030517578,224.74000549316406,60234800,AAPL
2025-01-24,221.77696228027344,222.77999877929688,225.6300048828125,221.41000366210938,224.77999877929688,54697900,AAPL
2025-01-27,228.8250732421875,229.86000061035156,232.14999389648438,223.97999572753906,224.02000427246094,94863400,AAPL
2025-01-28,237.18727111816406,238.25999450683594,240.19000244140625,230.80999755859375,230.85000610351562,75707600,AAPL
2025-01-29,238.28231811523438,239.36000061035156,239.86000061035156,234.00999450683594,234.1199951171875,45486100,AAPL
2025-01-30,236.520263671875,237.58999633789062,240.7899932861328,237.2100067138672,238.6699981689453,55658300,AAPL
2025-01-31,234.93743896484375,236.0,247.19000244140625,233.44000244140625,247.19000244140625,100959800,AAPL
2025-02-03,226.98341369628906,228.00999450683594,231.8300018310547,225.6999969482422,229.99000549316406,73063300,AAPL
2025-02-04,231.75184631347656,232.8000030517578,233.1300048828125,226.64999389648438,227.25,45067300,AAPL
2025-02-05,231.42333984375,232.47000122070312,232.6699981689453,228.27000427246094,228.52999877929688,39620300,AAPL
2025-02-06,232.1699676513672,233.22000122070312,233.8000030517578,230.42999267578125,231.2899932861328,29925300,AAPL
2025-02-07,226.60511779785156,227.6300048828125,234.0,227.25999450683594,232.60000610351562,39707200,AAPL
2025-02-10,226.8741912841797,227.64999389648438,230.58999633789062,227.1999969482422,229.57000732421875,33115600,AAPL
2025-02-11,231.82725524902344,232.6199951171875,235.22999572753906,228.1300048828125,228.1999969482422,53718400,AAPL
2025-02-12,236.06277465820312,236.8699951171875,236.9600067138672,230.67999267578125,231.1999969482422,45243300,AAPL
2025-02-13,240.70689392089844,241.52999877929688,242.33999633789062,235.57000732421875,236.91000366210938,53614100,AAPL
2025-02-14,243.76644897460938,244.60000610351562,245.5500030517578,240.99000549316406,241.25,40896200,AAPL
2025-02-18,243.6368865966797,244.47000122070312,245.17999267578125,241.83999633789062,244.14999389648438,48822500,AAPL
2025-02-19,244.03550720214844,244.8699951171875,246.00999450683594,243.16000366210938,244.66000366210938,32204200,AAPL
2025-02-20,244.9922332763672,245.8300018310547,246.77999877929688,244.2899932861328,244.94000244140625,32316900,AAPL
2025-02-21,244.71319580078125,245.5500030517578,248.69000244140625,245.22000122070312,245.9499969482422,53197400,AAPL
2025-02-24,246.25791931152344,247.10000610351562,248.86000061035156,244.4199981689453,244.92999267578125,51326400,AAPL
2025-02-25,246.1981201171875,247.0399932861328,250.0,244.91000366210938,248.0,48013300,AAPL
2025-02-26,239.5408935546875,240.36000061035156,244.97999572753906,239.1300048828125,244.3300018310547,44433600,AAPL
2025-02-27,236.49131774902344,237.3000030517578,242.4600067138672,237.05999755859375,239.41000366210938,41153600,AAPL
2025-02-28,241.01583862304688,241.83999633789062,242.08999633789062,230.1999969482422,236.9499969482422,56833400,AAPL
2025-03-03,237.2188262939453,238.02999877929688,244.02999877929688,236.11000061035156,241.7899932861328,47184000,AAPL
2025-03-04,235.1259765625,235.92999267578125,240.07000732421875,234.67999267578125,237.7100067138672,53798100,AAPL
2025-03-05,234.93663024902344,235.74000549316406,236.5500030517578,229.22999572753906,235.4199981689453,47227600,AAPL
2025-03-06,234.5280303955078,235.3300018310547,237.86000061035156,233.16000366210938,234.44000244140625,45170400,AAPL
2025-03-07,238.2552947998047,239.07000732421875,241.3699951171875,234.75999450683594,235.11000061035156,46273600,AAPL
2025-03-10,226.70477294921875,227.47999572753906,236.16000366210938,224.22000122070312,235.5399932861328,72071200,AAPL
2025-03-11,220.08740234375,220.83999633789062,225.83999633789062,217.4499969482422,223.80999755859375,76137400,AAPL
2025-03-12,216.24057006835938,216.97999572753906,221.75,214.91000366210938,220.13999938964844,62547500,AAPL
2025-03-13,208.96543884277344,209.67999267578125,216.83999633789062,208.4199981689453,215.9499969482422,61368300,AAPL
2025-03-14,212.762451171875,213.49000549316406,213.9499969482422,209.5800018310547,211.25,60107600,AAPL
2025-03-17,213.27073669433594,214.0,215.22000122070312,209.97000122070312,213.30999755859375,48073400,AAPL
2025-03-18,211.96519470214844,212.69000244140625,215.14999389648438,211.49000549316406,214.16000366210938,42432400,AAPL
2025-03-19,214.50650024414062,215.24000549316406,218.75999450683594,213.75,214.22000122070312,54385400,AAPL
2025-03-20,213.37037658691406,214.10000610351562,217.49000549316406,212.22000122070312,213.99000549316406,48862900,AAPL
2025-03-21,217.5261688232422,218.27000427246094,218.83999633789062,211.27999877929688,211.55999755859375,94127800,AAPL
2025-03-24,219.97779846191406,220.72999572753906,221.47999572753906,218.5800018310547,221.0,44299500,AAPL
2025-03-25,222.9875030517578,223.75,224.10000610351562,220.0800018310547,220.77000427246094,34493600,AAPL
2025-03-26,220.77505493164062,221.52999877929688,225.02000427246094,220.47000122070312,223.50999450683594,34466100,AAPL
2025-03-27,223.087158203125,223.85000610351562,224.99000549316406,220.55999755859375,221.38999938964844,37094800,AAPL
2025-03-28,217.15740966796875,217.89999389648438,223.80999755859375,217.67999267578125,221.6699981689453,39818600,AAPL
2025-03-31,221.37301635742188,222.1300048828125,225.6199951171875,216.22999572753906,217.00999450683594,65299300,AAPL
2025-04-01,222.4293975830078,223.19000244140625,223.67999267578125,218.89999389648438,219.80999755859375,36412700,AAPL
2025-04-02,223.12701416015625,223.88999938964844,225.19000244140625,221.02000427246094,221.32000732421875,35905900,AAPL
2025-04-03,202.49755859375,203.19000244140625,207.49000549316406,201.25,205.5399932861328,103419000,AAPL
2025-04-04,187.738037109375,188.3800048828125,199.8800048828125,187.33999633789062,193.88999938964844,125910900,AAPL
2025-04-07,180.84161376953125,181.4600067138672,194.14999389648438,174.6199951171875,177.1999969482422,160466300,AAPL
2025-04-08,171.83242797851562,172.4199981689453,190.33999633789062,169.2100067138672,186.6999969482422,120859500,AAPL
2025-04-09,198.17234802246094,198.85000610351562,200.61000061035156,171.88999938964844,171.9499969482422,184395900,AAPL
2025-04-10,189.77105712890625,190.4199981689453,194.77999877929688,183.0,189.07000732421875,121880000,AAPL
2025-04-11,197.4747314453125,198.14999389648438,199.5399932861328,186.05999755859375,186.10000610351562,87435900,AAPL
2025-04-14,201.829833984375,202.52000427246094,212.94000244140625,201.16000366210938,211.44000244140625,101352900,AAPL
2025-04-15,201.45114135742188,202.13999938964844,203.50999450683594,199.8000030517578,201.86000061035156,51343900,AAPL
2025-04-16,193.6079559326172,194.27000427246094,200.6999969482422,192.3699951171875,198.36000061035156,59732400,AAPL
2025-04-17,196.3087158203125,196.97999572753906,198.8300018310547,194.4199981689453,197.1999969482422,52164700,AAPL
2025-04-21,192.50172424316406,193.16000366210938,193.8000030517578,189.80999755859375,193.27000427246094,46742500,AAPL
2025-04-22,199.059326171875,199.74000549316406,201.58999633789062,195.97000122070312,196.1199951171875,52976400,AAPL
2025-04-23,203.9027557373047,204.60000610351562,208.0,202.8000030517578,206.0,52929200,AAPL
2025-04-24,207.65989685058594,208.3699951171875,208.8300018310547,202.94000244140625,204.88999938964844,47311000,AAPL
2025-04-25,208.56678771972656,209.27999877929688,209.75,206.1999969482422,206.3699951171875,38222300,AAPL
2025-04-28,209.42388916015625,210.13999938964844,211.5,207.4600067138672,210.0,38743100,AAPL
2025-04-29,210.490234375,211.2100067138672,212.24000549316406,208.3699951171875,208.69000244140625,36827600,AAPL
2025-04-30,211.7758331298828,212.5,213.5800018310547,206.6699981689453,209.3000030517578,52286500,AAPL
2025-05-01,212.59304809570312,213.32000732421875,214.55999755859375,208.89999389648438,209.0800018310547,57365700,AAPL
2025-05-02,204.65020751953125,205.35000610351562,206.99000549316406,202.16000366210938,206.08999633789062,101010600,AAPL
2025-05-05,198.21221923828125,198.88999938964844,204.10000610351562,198.2100067138672,203.10000610351562,69018500,AAPL
2025-05-06,197.83351135253906,198.50999450683594,200.64999389648438,197.02000427246094,198.2100067138672,51216500,AAPL
2025-05-07,195.58120727539062,196.25,199.44000244140625,193.25,199.1699981689453,68536700,AAPL
2025-05-08,196.81698608398438,197.49000549316406,200.0500030517578,194.67999267578125,197.72000122070312,50478900,AAPL
2025-05-09,197.8534393310547,198.52999877929688,200.5399932861328,197.5399932861328,199.0,36453900,AAPL
2025-05-12,210.3471221923828,210.7899932861328,211.27000427246094,206.75,210.97000122070312,63775800,AAPL
2025-05-13,212.48263549804688,212.92999267578125,213.39999389648438,209.0,210.42999267578125,51909300,AAPL
2025-05-14,211.8839111328125,212.3300018310547,213.94000244140625,210.5800018310547,212.42999267578125,49325800,AAPL
2025-05-15,211.00575256347656,211.4499969482422,212.9600067138672,209.5399932861328,210.9499969482422,45029500,AAPL
2025-05-16,210.81614685058594,211.25999450683594,212.57000732421875,209.77000427246094,212.36000061035156,54737900,AAPL
2025-05-19,208.3413543701172,208.77999877929688,209.47999572753906,204.25999450683594,207.91000366210938,46140500,AAPL
2025-05-20,206.42539978027344,206.86000061035156,208.47000122070312,205.02999877929688,207.6699981689453,42496600,AAPL
2025-05-21,201.66542053222656,202.08999633789062,207.0399932861328,200.7100067138672,205.1699981689453,59211800,AAPL
2025-05-22,200.93695068359375,201.36000061035156,202.75,199.6999969482422,200.7100067138672,46742400,AAPL
2025-05-23,194.8597412109375,195.27000427246094,197.6999969482422,193.4600067138672,193.6699981689453,78432900,AAPL
2025-05-27,199.78936767578125,200.2100067138672,200.74000549316406,197.42999267578125,198.3000030517578,56288500,AAPL
2025-05-28,199.99893188476562,200.4199981689453,202.72999572753906,199.89999389648438,200.58999633789062,45339700,AAPL
2025-05-29,199.5299072265625,199.9499969482422,203.80999755859375,198.50999450683594,203.5800018310547,51396800,AAPL
2025-05-30,200.4280242919922,200.85000610351562,201.9600067138672,196.77999877929688,199.3699951171875,70819900,AAPL
2025-06-02,201.27622985839844,201.6999969482422,202.1300048828125,200.1199951171875,200.27999877929688,35423300,AAPL
2025-06-03,202.8429412841797,203.27000427246094,203.77000427246094,200.9600067138672,201.35000610351562,46381600,AAPL
2025-06-04,202.3938751220703,202.82000732421875,206.24000549316406,202.10000610351562,202.91000366210938,43604000,AAPL
2025-06-05,200.20848083496094,200.6300048828125,204.75,200.14999389648438,203.5,55126100,AAPL
2025-06-06,203.49156188964844,203.9199981689453,205.6999969482422,202.0500030517578,203.0,46607700,AAPL
2025-06-09,201.02674865722656,201.4499969482422,206.0,200.02000427246094,204.38999938964844,72862600,AAPL
2025-06-10,202.24420166015625,202.6699981689453,204.35000610351562,200.57000732421875,200.60000610351562,54672600,AAPL
2025-06-11,198.36236572265625,198.77999877929688,204.5,198.41000366210938,203.5,60989900,AAPL
2025-06-12,198.78147888183594,199.1999969482422,199.67999267578125,197.36000061035156,199.0800018310547,43904600,AAPL
2025-06-13,196.03726196289062,196.4499969482422,200.3699951171875,195.6999969482422,199.72999572753906,51447300,AAPL
2025-06-16,198.0031280517578,198.4199981689453,198.69000244140625,196.55999755859375,197.3000030517578,43020700,AAPL
2025-06-17,195.2289581298828,195.63999938964844,198.38999938964844,195.2100067138672,197.1999969482422,38856200,AAPL
2025-06-18,196.1669921875,196.5800018310547,197.57000732421875,195.07000732421875,195.94000244140625,45394700,AAPL
2025-06-20,200.5777130126953,201.0,201.6999969482422,196.86000061035156,198.24000549316406,96813500,AAPL
2025-06-23,201.07664489746094,201.5,202.3000030517578,198.9600067138672,201.6300048828125,55814300,AAPL
2025-06-24,199.87918090820312,200.3000030517578,203.44000244140625,200.1999969482422,202.58999633789062,54064000,AAPL
2025-06-25,201.1365203857422,201.55999755859375,203.6699981689453,200.6199951171875,201.4499969482422,39525700,AAPL
2025-06-26,200.5777130126953,201.0,202.63999938964844,199.4600067138672,201.42999267578125,50799100,AAPL
2025-06-27,200.6575469970703,201.0800018310547,203.22000122070312,200.0,201.88999938964844,73188600,AAPL
2025-06-30,204.7389373779297,205.1699981689453,207.38999938964844,199.25999450683594,202.00999450683594,91912800,AAPL
2025-07-01,207.3833770751953,207.82000732421875,210.19000244140625,206.13999938964844,206.6699981689453,78788900,AAPL
2025-07-02,211.99366760253906,212.44000244140625,213.33999633789062,208.13999938964844,208.91000366210938,67941800,AAPL
2025-07-03,213.10133361816406,213.5500030517578,214.64999389648438,211.80999755859375,212.14999389648438,34955800,AAPL
2025-07-07,209.50889587402344,209.9499969482422,216.22999572753906,208.8000030517578,212.67999267578125,50229000,AAPL
2025-07-08,209.5687713623047,210.00999450683594,211.42999267578125,208.4499969482422,210.10000610351562,42848900,AAPL
2025-07-09,210.69639587402344,211.13999938964844,211.3300018310547,207.22000122070312,209.52999877929688,48749400,AAPL
2025-07-10,211.9637451171875,212.41000366210938,213.47999572753906,210.02999877929688,210.50999450683594,44443600,AAPL
2025-07-11,210.7163543701172,211.16000366210938,212.1300048828125,209.86000061035156,210.57000732421875,39765800,AAPL
2025-07-14,208.1816864013672,208.6199951171875,210.91000366210938,207.5399932861328,209.92999267578125,38840100,AAPL
2025-07-15,208.67066955566406,209.11000061035156,211.88999938964844,208.9199981689453,209.22000122070312,42296300,AAPL
2025-07-16,209.7184600830078,210.16000366210938,212.39999389648438,208.63999938964844,210.3000030517578,47490500,AAPL
2025-07-17,209.57875061035156,210.02000427246094,211.8000030517578,209.58999633789062,210.57000732421875,48068100,AAPL
2025-07-18,210.73631286621094,211.17999267578125,211.7899932861328,209.6999969482422,210.8699951171875,48974600,AAPL
2025-07-21,212.03358459472656,212.47999572753906,215.77999877929688,211.6300048828125,212.10000610351562,51377400,AAPL
2025-07-22,213.9495391845703,214.39999389648438,214.9499969482422,212.22999572753906,213.13999938964844,46404100,AAPL
2025-07-23,213.7000732421875,214.14999389648438,215.14999389648438,212.41000366210938,215.0,46989300,AAPL
2025-07-24,213.31089782714844,213.75999450683594,215.69000244140625,213.52999877929688,213.89999389648438,46022600,AAPL
2025-07-25,213.43064880371094,213.8800048828125,215.24000549316406,213.39999389648438,214.6999969482422,40268800,AAPL
2025-07-28,213.6002960205078,214.0500030517578,214.85000610351562,213.05999755859375,214.02999877929688,37858000,AAPL
2025-07-29,210.8261260986328,211.27000427246094,214.80999755859375,210.82000732421875,214.17999267578125,51411700,AAPL
2025-07-30,208.6107940673828,209.0500030517578,212.38999938964844,207.72000122070312,211.89999389648438,45512500,AAPL
2025-07-31,207.1339111328125,207.57000732421875,209.83999633789062,207.16000366210938,208.49000549316406,80698400,AAPL
2025-08-01,201.95480346679688,202.3800048828125,213.5800018310547,201.5,210.8699951171875,104434500,AAPL
2025-08-04,202.9227752685547,203.35000610351562,207.8800048828125,201.67999267578125,204.50999450683594,75109300,AAPL
2025-08-05,202.49366760253906,202.9199981689453,205.33999633789062,202.16000366210938,203.39999389648438,44155100,AAPL
2025-08-06,212.8019561767578,213.25,215.3800048828125,205.58999633789062,205.6300048828125,108483100,AAPL
2025-08-07,219.56771850585938,220.02999877929688,220.85000610351562,216.5800018310547,218.8800048828125,90224800,AAPL
2025-08-08,228.86813354492188,229.35000610351562,231.0,219.25,220.8300018310547,113854000,AAPL
2025-08-11,226.95997619628906,227.17999267578125,229.55999755859375,224.75999450683594,227.9199981689453,61806100,AAPL
2025-08-12,229.42758178710938,229.64999389648438,230.8000030517578,227.07000732421875,228.00999450683594,55626200,AAPL
2025-08-13,233.10403442382812,233.3300018310547,235.0,230.42999267578125,231.07000732421875,69878500,AAPL
2025-08-14,232.5545654296875,232.77999877929688,235.1199951171875,230.85000610351562,234.05999755859375,51916300,AAPL
2025-08-15,231.36570739746094,231.58999633789062,234.27999877929688,229.33999633789062,234.0,56038700,AAPL
2025-08-18,230.66639709472656,230.88999938964844,233.1199951171875,230.11000061035156,231.6999969482422,37476200,AAPL
2025-08-19,230.3367156982422,230.55999755859375,232.8699951171875,229.35000610351562,231.27999877929688,39402600,AAPL
2025-08-20,225.79110717773438,226.00999450683594,230.47000122070312,225.77000427246094,229.97999572753906,42263900,AAPL
2025-08-21,224.68218994140625,224.89999389648438,226.52000427246094,223.77999877929688,226.27000427246094,30621200,AAPL
2025-08-22,227.53941345214844,227.75999450683594,229.08999633789062,225.41000366210938,226.1699981689453,42477800,AAPL
2025-08-25,226.94000244140625,227.16000366210938,229.3000030517578,226.22999572753906,226.47999572753906,30983100,AAPL
2025-08-26,229.08792114257812,229.30999755859375,229.49000549316406,224.69000244140625,226.8699951171875,54575100,AAPL
2025-08-27,230.26678466796875,230.49000549316406,230.89999389648438,228.25999450683594,228.61000061035156,31259500,AAPL
2025-08-28,232.33477783203125,232.55999755859375,233.41000366210938,229.33999633789062,230.82000732421875,38074700,AAPL
2025-08-29,231.91517639160156,232.13999938964844,233.3800048828125,231.3699951171875,232.50999450683594,39418400,AAPL
2025-09-02,229.49752807617188,229.72000122070312,230.85000610351562,226.97000122070312,229.25,44075600,AAPL
2025-09-03,238.2390594482422,238.47000122070312,238.85000610351562,234.36000061035156,237.2100067138672,66427800,AAPL
2025-09-04,239.5477752685547,239.77999877929688,239.89999389648438,236.74000549316406,238.4499969482422,47549400,AAPL
2025-09-05,239.45787048339844,239.69000244140625,241.32000732421875,238.49000549316406,240.0,54870400,AAPL
2025-09-08,237.64962768554688,237.8800048828125,240.14999389648438,236.33999633789062,239.3000030517578,48999500,AAPL
2025-09-09,234.123046875,234.35000610351562,238.77999877929688,233.36000061035156,237.0,66313900,AAPL
2025-09-10,226.5703582763672,226.7899932861328,232.4199981689453,225.9499969482422,232.19000244140625,83440800,AAPL
2025-09-11,229.80722045898438,230.02999877929688,230.4499969482422,226.64999389648438,226.8800048828125,50208600,AAPL
2025-09-12,233.84332275390625,234.07000732421875,234.50999450683594,229.02000427246094,229.22000122070312,55824200,AAPL
2025-09-15,236.47076416015625,236.6999969482422,238.19000244140625,235.02999877929688,237.0,42699500,AAPL
2025-09-16,237.9193572998047,238.14999389648438,241.22000122070312,236.32000732421875,237.17999267578125,63421100,AAPL
2025-09-17,238.75856018066406,238.99000549316406,240.10000610351562,237.72999572753906,238.97000122070312,46508000,AAPL
2025-09-18,237.64962768554688,237.8800048828125,241.1999969482422,236.64999389648438,239.97000122070312,44249600,AAPL
2025-09-19,245.26223754882812,245.5,246.3000030517578,240.2100067138672,241.22999572753906,163741300,AAPL
2025-09-22,255.8319854736328,256.0799865722656,256.6400146484375,248.1199951171875,248.3000030517578,105517400,AAPL
2025-09-23,254.18359375,254.42999267578125,257.3399963378906,253.5800018310547,255.8800048828125,60275200,AAPL
2025-09-24,252.06564331054688,252.30999755859375,255.74000549316406,251.0399932861328,255.22000122070312,42303700,AAPL
2025-09-25,256.6212158203125,256.8699951171875,257.1700134277344,251.7100067138672,253.2100067138672,55202100,AAPL
2025-09-26,255.2126007080078,255.4600067138672,257.6000061035156,253.77999877929688,254.10000610351562,46076300,AAPL
2025-09-29,254.18359375,254.42999267578125,255.0,253.00999450683594,254.55999755859375,40127700,AAPL
2025-09-30,254.38340759277344,254.6300048828125,255.9199981689453,253.11000061035156,254.86000061035156,37704300,AAPL
2025-10-01,255.20260620117188,255.4499969482422,258.7900085449219,254.92999267578125,255.0399932861328,48713900,AAPL
2025-10-02,256.8809814453125,257.1300048828125,258.17999267578125,254.14999389648438,256.5799865722656,42630200,AAPL
2025-10-03,257.7701110839844,258.0199890136719,259.239990234375,253.9499969482422,254.6699981689453,49155600,AAPL
2025-10-06,256.44140625,256.69000244140625,259.07000732421875,255.0500030517578,257.989990234375,44664100,AAPL
2025-10-07,256.23162841796875,256.4800109863281,257.3999938964844,255.42999267578125,256.80999755859375,31955800,AAPL
2025-10-08,257.8100891113281,258.05999755859375,258.5199890136719,256.1099853515625,256.5199890136719,36496900,AAPL
2025-10-09,253.79396057128906,254.0399932861328,258.0,253.13999938964844,257.80999755859375,38322000,AAPL
2025-10-10,245.032470703125,245.27000427246094,256.3800048828125,244.0,254.94000244140625,61999100,AAPL
2025-10-13,247.42015075683594,247.66000366210938,249.69000244140625,245.55999755859375,249.3800048828125,38142900,AAPL
2025-10-14,247.53004455566406,247.77000427246094,248.85000610351562,244.6999969482422,246.60000610351562,35478000,AAPL
2025-10-15,249.09852600097656,249.33999633789062,251.82000732421875,247.47000122070312,249.49000549316406,33893600,AAPL
2025-10-16,247.21035766601562,247.4499969482422,249.0399932861328,245.1300048828125,248.25,39777000,AAPL
2025-10-17,252.045654296875,252.2899932861328,253.3800048828125,247.27000427246094,248.02000427246094,49147000,AAPL
2025-10-20,261.98602294921875,262.239990234375,264.3800048828125,255.6300048828125,255.88999938964844,90483000,AAPL
2025-10-21,262.5155029296875,262.7699890136719,265.2900085449219,261.8299865722656,261.8800048828125,46695900,AAPL
2025-10-22,258.19970703125,258.45001220703125,262.8500061035156,255.42999267578125,262.6499938964844,45015300,AAPL
2025-10-23,259.3285827636719,259.5799865722656,260.6199951171875,258.010009765625,259.94000244140625,32754900,AAPL
2025-10-24,262.56549072265625,262.82000732421875,264.1300048828125,259.17999267578125,261.19000244140625,38253700,AAPL
2025-10-27,268.5496520996094,268.80999755859375,269.1199951171875,264.6499938964844,264.8800048828125,44888200,AAPL
2025-10-28,268.7394714355469,269.0,269.8900146484375,268.1499938964844,268.989990234375,41534800,AAPL
2025-10-29,269.4388122558594,269.70001220703125,271.4100036621094,267.1099853515625,269.2799987792969,51086700,AAPL
2025-10-30,271.13714599609375,271.3999938964844,274.1400146484375,268.4800109863281,271.989990234375,69886500,AAPL
